doi,title,longitude,latitude,place,no_recorded_place,coordinates,coordinate_type,no_recorded_coordinate,location_type,location_scale,location_reliability,location_conformance,error_type,error_description
"
 10.1371/journal.pone.0000908
","
  Changes in Tree Reproductive Traits Reduce Functional Diversity in a Fragmented Atlantic Forest Landscape
 ",-36.075,-8.98056,,True,"{'latitude': -8.98056, 'longitude': -36.075}",Geographic Coordinate System (GCS),False,,,2,,,
"
 10.1371/journal.pone.0009677
","
  Plant Species and Functional Group Combinations Affect Green Roof Ecosystem Functions
 ",-63.58333,44.65,,True,"{'latitude': 44.65, 'longitude': -63.58333}",Geographic Coordinate System (GCS),False,,,2,,,
"
 10.1371/journal.pone.0013382
","
  Diversity Promotes Temporal Stability across Levels of Ecosystem Organization in Experimental Grasslands
 ",11.62319,50.95086,,True,"{'latitude': 50.95086, 'longitude': 11.62319}",Geographic Coordinate System (GCS),False,,,2,,,
"
 10.1371/journal.pone.0018982
","
  Positive Interspecific Relationship between Temporal Occurrence and Abundance in Insects
 ",-61.88333,45.66667,,True,"{'latitude': 45.66667, 'longitude': -61.88333}",Geographic Coordinate System (GCS),False,,,2,,,
"
 10.1371/journal.pone.0020078
","
  Hierarchical Plant Responses and Diversity Loss after Nitrogen Addition: Testing Three Functionally-Based Hypotheses in the Inner Mongolia Grassland
 ",116.7,43.63333,,True,"{'latitude': 43.63333, 'longitude': 116.7}",Geographic Coordinate System (GCS),False,,,2,,,
"
 10.1371/journal.pone.0021265
","
  Predicting Species Diversity of Benthic Communities within Turbid Nearshore Using Full-Waveform Bathymetric LiDAR and Machine Learners
 ",-65.0,48.0,,True,"{'latitude': 48.0, 'longitude': -65.0}",Geographic Coordinate System (GCS),False,,,2,,,
"
 10.1371/journal.pone.0021972
","
  Effects of Total Resources, Resource Ratios, and Species Richness on Algal Productivity and Evenness at Both Metacommunity and Local Scales
 ",6.92,50.93,,True,"{'latitude': 50.93, 'longitude': 6.92}",Geographic Coordinate System (GCS),False,,,2,,,
"
 10.1371/journal.pone.0022905
","
  Predator Diversity and Abundance Provide Little Support for the Enemies Hypothesis in Forests of High Tree Diversity
 ",118.11667,29.23333,,True,"{'latitude': 29.23333, 'longitude': 118.11667}",Geographic Coordinate System (GCS),False,,,2,,,
"
 10.1371/journal.pone.0023312
","
  A Small Mammal Community in a Forest Fragment, Vegetation Corridor and Coffee Matrix System in the Brazilian Atlantic Forest
 ",-44.83653,-20.89919,,True,"{'latitude': -20.89919, 'longitude': -44.83653}",Geographic Coordinate System (GCS),False,,,2,,,
"
 10.1371/journal.pone.0024107
","
  Assessing Natural Resource Use by Forest-Reliant Communities in Madagascar Using Functional Diversity and Functional Redundancy Metrics
 ",-47.61667,47.3,,True,"{'latitude': 47.3, 'longitude': -47.61667}",Geographic Coordinate System (GCS),False,,,2,,,
"
 10.1371/journal.pone.0024107
","
  Assessing Natural Resource Use by Forest-Reliant Communities in Madagascar Using Functional Diversity and Functional Redundancy Metrics
 ",-21.41667,21.03333,,True,"{'latitude': 21.03333, 'longitude': -21.41667}",Geographic Coordinate System (GCS),False,,,2,,,
"
 10.1371/journal.pone.0026986
","
  Legacy Effects of Canopy Disturbance on Ecosystem Functioning in Macroalgal Assemblages
 ",170.0,-45.18333,,True,"{'latitude': -45.18333, 'longitude': 170.0}",Geographic Coordinate System (GCS),False,,,2,,,
"
 10.1371/journal.pone.0026986
","
  Legacy Effects of Canopy Disturbance on Ecosystem Functioning in Macroalgal Assemblages
 ",173.7,-42.41667,,True,"{'latitude': -42.41667, 'longitude': 173.7}",Geographic Coordinate System (GCS),False,,,2,,,
"
 10.1371/journal.pone.0026986
","
  Legacy Effects of Canopy Disturbance on Ecosystem Functioning in Macroalgal Assemblages
 ",173.5,-42.5,,True,"{'latitude': -42.5, 'longitude': 173.5}",Geographic Coordinate System (GCS),False,,,2,,,
"
 10.1371/journal.pone.0027785
","
  Forest Fragmentation and Selective Logging Have Inconsistent Effects on Multiple Animal-Mediated Ecosystem Processes in a Tropical Forest
 ",-0.45,0.11667,,True,"{'latitude': 0.11667, 'longitude': -0.45}",Geographic Coordinate System (GCS),False,,,2,,,
"
 10.1371/journal.pone.0027785
","
  Forest Fragmentation and Selective Logging Have Inconsistent Effects on Multiple Animal-Mediated Ecosystem Processes in a Tropical Forest
 ",-34.95,34.76667,,True,"{'latitude': 34.76667, 'longitude': -34.95}",Geographic Coordinate System (GCS),False,,,2,,,
"
 10.1371/journal.pone.0029152
","
  Small-Scale Heterogeneity in Deep-Sea Nematode Communities around Biogenic Structures
 ",4.0,79.0,,True,"{'latitude': 79.0, 'longitude': 4.0}",Geographic Coordinate System (GCS),False,,,2,,,
"
 10.1371/journal.pone.0029152
","
  Small-Scale Heterogeneity in Deep-Sea Nematode Communities around Biogenic Structures
 ",4.86667,78.75,,True,"{'latitude': 78.75, 'longitude': 4.86667}",Geographic Coordinate System (GCS),False,,,2,,,
"
 10.1371/journal.pone.0029469
","
  Local-Scale Drivers of Tree Survival in a Temperate Forest
 ",128.28333,-999,,True,"{'latitude': 41.71667, 'longitude': 128.28333}",Geographic Coordinate System (GCS),False,,,2,,,
"
 10.1371/journal.pone.0030506
","
  Predicting Tropical Dry Forest Successional Attributes from Space: Is the Key Hidden in Image Texture?
 ",-95.011,16.65817,,True,"{'latitude': 16.65817, 'longitude': -95.011}",Geographic Coordinate System (GCS),False,,,2,,,
"
 10.1371/journal.pone.0030506
","
  Predicting Tropical Dry Forest Successional Attributes from Space: Is the Key Hidden in Image Texture?
 ",45.0,0.0,,True,"{'latitude': 0.0, 'longitude': 45.0}",Geographic Coordinate System (GCS),False,,,2,,,
"
 10.1371/journal.pone.0030506
","
  Predicting Tropical Dry Forest Successional Attributes from Space: Is the Key Hidden in Image Texture?
 ",135.0,90.0,,True,"{'latitude': 90.0, 'longitude': 135.0}",Geographic Coordinate System (GCS),False,,,2,,,
"
 10.1371/journal.pone.0040679
","
  Low Functional 
  
   β
  -Diversity Despite High Taxonomic 
  
   β
  -Diversity among Tropical Estuarine Fish Communities
 ",-92.70778,18.62111,,True,"{'latitude': 18.62111, 'longitude': -92.70778}",Geographic Coordinate System (GCS),False,,,2,,,
"
 10.1371/journal.pone.0040679
","
  Low Functional 
  
   β
  -Diversity Despite High Taxonomic 
  
   β
  -Diversity among Tropical Estuarine Fish Communities
 ",-91.4675,18.50556,,True,"{'latitude': 18.50556, 'longitude': -91.4675}",Geographic Coordinate System (GCS),False,,,2,,,
"
 10.1371/journal.pone.0041270
","
  Assemblage of a Semi-Arid Annual Plant Community: Abiotic and Biotic Filters Act Hierarchically
 ",-3.61667,40.03333,,True,"{'latitude': 40.03333, 'longitude': -3.61667}",Geographic Coordinate System (GCS),False,,,2,,,
"
 10.1371/journal.pone.0042354
","
  Temporal-Spatial Variation and Controls of Soil Respiration in Different Primary Succession Stages on Glacier Forehead in Gongga Mountain, China
 ",-30.33333,29.33333,,True,"{'latitude': 29.33333, 'longitude': -30.33333}",Geographic Coordinate System (GCS),False,,,2,,,
"
 10.1371/journal.pone.0042354
","
  Temporal-Spatial Variation and Controls of Soil Respiration in Different Primary Succession Stages on Glacier Forehead in Gongga Mountain, China
 ",-999,-999,,True,"{'latitude': -999, 'longitude': -999}",Geographic Coordinate System (GCS),False,,,2,,,
"
 10.1371/journal.pone.0042524
","
  Bacterial Community Dynamics in Full-Scale Activated Sludge Bioreactors: Operational and Ecological Factors Driving Community Assembly and Performance
 ",-67.15583,18.24806,,True,"{'latitude': 18.24806, 'longitude': -67.15583}",Geographic Coordinate System (GCS),False,,,2,,,
"
 10.1371/journal.pone.0042524
","
  Bacterial Community Dynamics in Full-Scale Activated Sludge Bioreactors: Operational and Ecological Factors Driving Community Assembly and Performance
 ",-66.72778,18.16639,,True,"{'latitude': 18.16639, 'longitude': -66.72778}",Geographic Coordinate System (GCS),False,,,2,,,
"
 10.1371/journal.pone.0042833
","
  Hierarchical Reproductive Allocation and Allometry within a Perennial Bunchgrass after 11 Years of Nutrient Addition
 ",116.7,43.63333,,True,"{'latitude': 43.63333, 'longitude': 116.7}",Geographic Coordinate System (GCS),False,,,2,,,
"
 10.1371/journal.pone.0044925
","
  Community Biomass and Bottom up Multivariate Nutrient Complementarity Mediate the Effects of Bioturbator Diversity on Pelagic Production
 ",-44.7,-22.83333,,True,"{'latitude': -22.83333, 'longitude': -44.7}",Geographic Coordinate System (GCS),False,,,2,,,
"
 10.1371/journal.pone.0045334
","
  Understanding Long-Term Variations in an Elephant Piosphere Effect to Manage Impacts
 ",25.75,-33.51667,,True,"{'latitude': -33.51667, 'longitude': 25.75}",Geographic Coordinate System (GCS),False,,,2,,,
"
 10.1371/journal.pone.0047192
","
  Can Joint Carbon and Biodiversity Management in Tropical Agroforestry Landscapes Be Optimized?
 ",120.03639,-1.50667,,True,"{'latitude': -1.50667, 'longitude': 120.03639}",Geographic Coordinate System (GCS),False,,,2,,,
"
 10.1371/journal.pone.0049024
","
  The Relationship between Species Richness and Evenness in Plant Communities along a Successional Gradient: A Study from Sub-Alpine Meadows of the Eastern Qinghai-Tibetan Plateau, China
 ",102.88333,34.91667,,True,"{'latitude': 34.91667, 'longitude': 102.88333}",Geographic Coordinate System (GCS),False,,,2,,,
"
 10.1371/journal.pone.0049618
","
  Kinetic Energy of Throughfall in Subtropical Forests of SE China – Effects of Tree Canopy Structure, Functional Traits, and Biodiversity
 ",118.11342,29.24428,,True,"{'latitude': 29.24428, 'longitude': 118.11342}",Geographic Coordinate System (GCS),False,,,2,,,
"
 10.1371/journal.pone.0049795
","
  Organism-Sediment Interactions Govern Post-Hypoxia Recovery of Ecosystem Functioning
 ",3.71417,51.35667,,True,"{'latitude': 51.35667, 'longitude': 3.71417}",Geographic Coordinate System (GCS),False,,,2,,,
"
 10.1371/journal.pone.0049795
","
  Organism-Sediment Interactions Govern Post-Hypoxia Recovery of Ecosystem Functioning
 ",3.71417,51.35667,,True,"{'latitude': 51.35667, 'longitude': 3.71417}",Geographic Coordinate System (GCS),False,,,2,,,
"
 10.1371/journal.pone.0052071
","
  Nutrient Limitation on Ecosystem Productivity and Processes of Mature and Old-Growth Subtropical Forests in China
 ",112.56667,23.15,,True,"{'latitude': 23.15, 'longitude': 112.56667}",Geographic Coordinate System (GCS),False,,,2,,,
"
 10.1371/journal.pone.0053009
","
  Resilience in Plant-Herbivore Networks during Secondary Succession
 ",-19.65,19.36667,,True,"{'latitude': 19.36667, 'longitude': -19.65}",Geographic Coordinate System (GCS),False,,,2,,,
"
 10.1371/journal.pone.0053009
","
  Resilience in Plant-Herbivore Networks during Secondary Succession
 ",-999,-999,,True,"{'latitude': -999, 'longitude': -999}",Geographic Coordinate System (GCS),False,,,2,,,
"
 10.1371/journal.pone.0059356
","
  Forest Restoration and Parasitoid Wasp Communities in Montane Hawai’i
 ",120.0,0.0,,True,"{'latitude': 0.0, 'longitude': 120.0}",Geographic Coordinate System (GCS),False,,,2,,,
"
 10.1371/journal.pone.0060756
","
  Impacts of Intensive Logging on the Trophic Organisation of Ant Communities in a Biodiversity Hotspot
 ",117.8,4.96667,,True,"{'latitude': 4.96667, 'longitude': 117.8}",Geographic Coordinate System (GCS),False,,,2,,,
"
 10.1371/journal.pone.0066238
","
  Large-Scale Variation in Combined Impacts of Canopy Loss and Disturbance on Community Structure and Ecosystem Functioning
 ",-2.77194,56.33306,,True,"{'latitude': 56.33306, 'longitude': -2.77194}",Geographic Coordinate System (GCS),False,,,2,,,
"
 10.1371/journal.pone.0066238
","
  Large-Scale Variation in Combined Impacts of Canopy Loss and Disturbance on Community Structure and Ecosystem Functioning
 ",-6.08028,53.52417,,True,"{'latitude': 53.52417, 'longitude': -6.08028}",Geographic Coordinate System (GCS),False,,,2,,,
"
 10.1371/journal.pone.0066238
","
  Large-Scale Variation in Combined Impacts of Canopy Loss and Disturbance on Community Structure and Ecosystem Functioning
 ",7.88333,54.18333,,True,"{'latitude': 54.18333, 'longitude': 7.88333}",Geographic Coordinate System (GCS),False,,,2,,,
"
 10.1371/journal.pone.0066238
","
  Large-Scale Variation in Combined Impacts of Canopy Loss and Disturbance on Community Structure and Ecosystem Functioning
 ",7.88333,54.18333,,True,"{'latitude': 54.18333, 'longitude': 7.88333}",Geographic Coordinate System (GCS),False,,,2,,,
"
 10.1371/journal.pone.0066238
","
  Large-Scale Variation in Combined Impacts of Canopy Loss and Disturbance on Community Structure and Ecosystem Functioning
 ",-8.85,41.68333,,True,"{'latitude': 41.68333, 'longitude': -8.85}",Geographic Coordinate System (GCS),False,,,2,,,
"
 10.1371/journal.pone.0066238
","
  Large-Scale Variation in Combined Impacts of Canopy Loss and Disturbance on Community Structure and Ecosystem Functioning
 ",-4.45717,50.338,,True,"{'latitude': 50.338, 'longitude': -4.45717}",Geographic Coordinate System (GCS),False,,,2,,,
"
 10.1371/journal.pone.0066238
","
  Large-Scale Variation in Combined Impacts of Canopy Loss and Disturbance on Community Structure and Ecosystem Functioning
 ",-48.73067,48.73067,,True,"{'latitude': 3.98783, 'longitude': -48.73067}",Geographic Coordinate System (GCS),False,,,2,,,
"
 10.1371/journal.pone.0066238
","
  Large-Scale Variation in Combined Impacts of Canopy Loss and Disturbance on Community Structure and Ecosystem Functioning
 ",10.33333,43.5,,True,"{'latitude': 43.5, 'longitude': 10.33333}",Geographic Coordinate System (GCS),False,,,2,,,
"
 10.1371/journal.pone.0066238
","
  Large-Scale Variation in Combined Impacts of Canopy Loss and Disturbance on Community Structure and Ecosystem Functioning
 ",17.91667,40.21667,,True,"{'latitude': 40.21667, 'longitude': 17.91667}",Geographic Coordinate System (GCS),False,,,2,,,
"
 10.1371/journal.pone.0066650
","
  Complex Effects of Ecosystem Engineer Loss on Benthic Ecosystem Response to Detrital Macroalgae
 ",4.01667,51.61667,,True,"{'latitude': 51.61667, 'longitude': 4.01667}",Geographic Coordinate System (GCS),False,,,2,,,
"
 10.1371/journal.pone.0066653
","
  Assessing the Response of Nematode Communities to Climate Change-Driven Warming: A Microcosm Experiment
 ",36.0,31.0,,True,"{'latitude': 31.0, 'longitude': 36.0}",Geographic Coordinate System (GCS),False,,,2,,,
"
 10.1371/journal.pone.0066653
","
  Assessing the Response of Nematode Communities to Climate Change-Driven Warming: A Microcosm Experiment
 ",36.0,31.0,,True,"{'latitude': 31.0, 'longitude': 36.0}",Geographic Coordinate System (GCS),False,,,2,,,
"
 10.1371/journal.pone.0070547
","
  Ecosystem Health Assessment in the Pearl River Estuary of China by Considering Ecosystem Coordination
 ",-999,-999,,True,"{'latitude': -999, 'longitude': -999}",Geographic Coordinate System (GCS),False,,,2,,,
"
 10.1371/journal.pone.0070547
","
  Ecosystem Health Assessment in the Pearl River Estuary of China by Considering Ecosystem Coordination
 ",-22.81472,22.81667,,True,"{'latitude': 22.81667, 'longitude': -22.81472}",Geographic Coordinate System (GCS),False,,,2,,,
"
 10.1371/journal.pone.0072201
","
  Variation in Carbon Storage and Its Distribution by Stand Age and Forest Type in Boreal and Temperate Forests in Northeastern China
 ",115.61667,53.56667,,True,"{'latitude': 53.56667, 'longitude': 115.61667}",Geographic Coordinate System (GCS),False,,,2,,,
"
 10.1371/journal.pone.0072201
","
  Variation in Carbon Storage and Its Distribution by Stand Age and Forest Type in Boreal and Temperate Forests in Northeastern China
 ",122.03333,52.03333,,True,"{'latitude': 52.03333, 'longitude': 122.03333}",Geographic Coordinate System (GCS),False,,,2,,,
"
 10.1371/journal.pone.0072201
","
  Variation in Carbon Storage and Its Distribution by Stand Age and Forest Type in Boreal and Temperate Forests in Northeastern China
 ",120.1,50.1,,True,"{'latitude': 50.1, 'longitude': 120.1}",Geographic Coordinate System (GCS),False,,,2,,,
"
 10.1371/journal.pone.0072201
","
  Variation in Carbon Storage and Its Distribution by Stand Age and Forest Type in Boreal and Temperate Forests in Northeastern China
 ",128.01667,48.03333,,True,"{'latitude': 48.03333, 'longitude': 128.01667}",Geographic Coordinate System (GCS),False,,,2,,,
"
 10.1371/journal.pone.0072201
","
  Variation in Carbon Storage and Its Distribution by Stand Age and Forest Type in Boreal and Temperate Forests in Northeastern China
 ",127.08333,42.06667,,True,"{'latitude': 42.06667, 'longitude': 127.08333}",Geographic Coordinate System (GCS),False,,,2,,,
"
 10.1371/journal.pone.0075396
","
  Evaluating Ecosystem Services Provided by Non-Native Species: An Experimental Test in California Grasslands
 ",-121.28333,39.25,,True,"{'latitude': 39.25, 'longitude': -121.28333}",Geographic Coordinate System (GCS),False,,,2,,,
"
 10.1371/journal.pone.0079799
","
  Ecology of Caribbean Sponges: Are Top-Down or Bottom-Up Processes More Important?
 ",-88.08233,16.80267,,True,"{'latitude': 16.80267, 'longitude': -88.08233}",Geographic Coordinate System (GCS),False,,,2,,,
"
 10.1371/journal.pone.0082369
","
  Forest Loss and the Biodiversity Threshold: An Evaluation Considering Species Habitat Requirements and the Use of Matrix Habitats
 ",-14.83333,-13.0,,True,"{'latitude': -13.0, 'longitude': -14.83333}",Geographic Coordinate System (GCS),False,,,2,,,
"
 10.1371/journal.pone.0082369
","
  Forest Loss and the Biodiversity Threshold: An Evaluation Considering Species Habitat Requirements and the Use of Matrix Habitats
 ",-39.0,39.0,,True,"{'latitude': 39.5, 'longitude': -39.0}",Geographic Coordinate System (GCS),False,,,2,,,
"
 10.1371/journal.pone.0082468
","
  Soil Nematode Responses to Increases in Nitrogen Deposition and Precipitation in a Temperate Forest
 ",-42.6,41.38333,,True,"{'latitude': 41.38333, 'longitude': -42.6}",Geographic Coordinate System (GCS),False,,,2,,,
"
 10.1371/journal.pone.0082468
","
  Soil Nematode Responses to Increases in Nitrogen Deposition and Precipitation in a Temperate Forest
 ",-999,-999,,True,"{'latitude': -999, 'longitude': -999}",Geographic Coordinate System (GCS),False,,,2,,,
"
 10.1371/journal.pone.0082468
","
  Soil Nematode Responses to Increases in Nitrogen Deposition and Precipitation in a Temperate Forest
 ",128.1,42.4,,True,"{'latitude': 42.4, 'longitude': 128.1}",Geographic Coordinate System (GCS),False,,,2,,,
"
 10.1371/journal.pone.0082792
","
  Relationships between Plant Diversity and the Abundance and α-Diversity of Predatory Ground Beetles (Coleoptera: Carabidae) in a Mature Asian Temperate Forest Ecosystem
 ",-999,-999,,True,"{'latitude': -999, 'longitude': -999}",Geographic Coordinate System (GCS),False,,,2,,,
"
 10.1371/journal.pone.0082792
","
  Relationships between Plant Diversity and the Abundance and α-Diversity of Predatory Ground Beetles (Coleoptera: Carabidae) in a Mature Asian Temperate Forest Ecosystem
 ",-42.85,41.68333,,True,"{'latitude': 41.68333, 'longitude': -42.85}",Geographic Coordinate System (GCS),False,,,2,,,
"
 10.1371/journal.pone.0083407
","
  Long-Term Functional Dynamics of an Aphidophagous Coccinellid Community Remain Unchanged despite Repeated Invasions
 ",-85.4,42.4,,True,"{'latitude': 42.4, 'longitude': -85.4}",Geographic Coordinate System (GCS),False,,,2,,,
"
 10.1371/journal.pone.0085513
","
  Contributions of Understory and/or Overstory Vegetations to Soil Microbial PLFA and Nematode Diversities in Eucalyptus Monocultures
 ",112.83333,22.56667,,True,"{'latitude': 22.56667, 'longitude': 112.83333}",Geographic Coordinate System (GCS),False,,,2,,,
"
 10.1371/journal.pone.0089084
","
  Identifying Priority Areas for Conservation and Management in Diverse Tropical Forests
 ",143.9,-20.4,,True,"{'latitude': -20.4, 'longitude': 143.9}",Geographic Coordinate System (GCS),False,,,2,,,
"
 10.1371/journal.pone.0090513
","
  Land Planarian Assemblages in Protected Areas of the Interior Atlantic Forest: Implications for Conservation
 ",-54.08333,-25.98333,,True,"{'latitude': -25.98333, 'longitude': -54.08333}",Geographic Coordinate System (GCS),False,,,2,,,
"
 10.1371/journal.pone.0090513
","
  Land Planarian Assemblages in Protected Areas of the Interior Atlantic Forest: Implications for Conservation
 ",-53.78333,-26.03333,,True,"{'latitude': -26.03333, 'longitude': -53.78333}",Geographic Coordinate System (GCS),False,,,2,,,
"
 10.1371/journal.pone.0092517
","
  Ammonium as a Driving Force of Plant Diversity and Ecosystem Functioning: Observations Based on 5 Years' Manipulation of N Dose and Form in a Mediterranean Ecosystem
 ",-9.01667,38.48333,,True,"{'latitude': 38.48333, 'longitude': -9.01667}",Geographic Coordinate System (GCS),False,,,2,,,
"
 10.1371/journal.pone.0093733
","
  Facilitation Drives the Positive Effects of Plant Richness on Trace Metal Removal in a Biodiversity Experiment
 ",120.89556,28.57306,,True,"{'latitude': 28.57306, 'longitude': 120.89556}",Geographic Coordinate System (GCS),False,,,2,,,
"
 10.1371/journal.pone.0095081
","
  The Efficacy of Landscape-Level Conservation in Changbai Mountain Biosphere Reserve, China
 ",-999,-999,,True,"{'latitude': -999, 'longitude': -999}",Geographic Coordinate System (GCS),False,,,2,,,
"
 10.1371/journal.pone.0095081
","
  The Efficacy of Landscape-Level Conservation in Changbai Mountain Biosphere Reserve, China
 ",-42.42167,41.69694,,True,"{'latitude': 41.69694, 'longitude': -42.42167}",Geographic Coordinate System (GCS),False,,,2,,,
"
 10.1371/journal.pone.0095890
","
  Which Models Are Appropriate for Six Subtropical Forests: Species-Area and Species-Abundance Models
 ",110.5,25.93333,,True,"{'latitude': 25.93333, 'longitude': 110.5}",Geographic Coordinate System (GCS),False,,,2,,,
"
 10.1371/journal.pone.0095890
","
  Which Models Are Appropriate for Six Subtropical Forests: Species-Area and Species-Abundance Models
 ",-999,-999,,True,"{'latitude': -999, 'longitude': -999}",Geographic Coordinate System (GCS),False,,,2,,,
"
 10.1371/journal.pone.0095890
","
  Which Models Are Appropriate for Six Subtropical Forests: Species-Area and Species-Abundance Models
 ",-24.8,24.5,,True,"{'latitude': 24.5, 'longitude': -24.8}",Geographic Coordinate System (GCS),False,,,2,,,
"
 10.1371/journal.pone.0095890
","
  Which Models Are Appropriate for Six Subtropical Forests: Species-Area and Species-Abundance Models
 ",-999,-999,,True,"{'latitude': -999, 'longitude': -999}",Geographic Coordinate System (GCS),False,,,2,,,
"
 10.1371/journal.pone.0095890
","
  Which Models Are Appropriate for Six Subtropical Forests: Species-Area and Species-Abundance Models
 ",-23.19167,23.15583,,True,"{'latitude': 23.15583, 'longitude': -23.19167}",Geographic Coordinate System (GCS),False,,,2,,,
"
 10.1371/journal.pone.0095890
","
  Which Models Are Appropriate for Six Subtropical Forests: Species-Area and Species-Abundance Models
 ",-999,-999,,True,"{'latitude': -999, 'longitude': -999}",Geographic Coordinate System (GCS),False,,,2,,,
"
 10.1371/journal.pone.0095890
","
  Which Models Are Appropriate for Six Subtropical Forests: Species-Area and Species-Abundance Models
 ",-26.8,26.36667,,True,"{'latitude': 26.36667, 'longitude': -26.8}",Geographic Coordinate System (GCS),False,,,2,,,
"
 10.1371/journal.pone.0098931
","
  Conserving Tropical Tree Diversity and Forest Structure: The Value of Small Rainforest Patches in Moderately-Managed Landscapes
 ",-16.35,16.06667,,True,"{'latitude': 16.06667, 'longitude': -16.35}",Geographic Coordinate System (GCS),False,,,2,,,
"
 10.1371/journal.pone.0098931
","
  Conserving Tropical Tree Diversity and Forest Structure: The Value of Small Rainforest Patches in Moderately-Managed Landscapes
 ",-91.1,90.66667,,True,"{'latitude': 90.66667, 'longitude': -91.1}",Geographic Coordinate System (GCS),False,,,2,,,
"
 10.1371/journal.pone.0099385
","
  Effects of Fertilization and Clipping on Carbon, Nitrogen Storage, and Soil Microbial Activity in a Natural Grassland in Southern China
 ",110.93333,31.06667,,True,"{'latitude': 31.06667, 'longitude': 110.93333}",Geographic Coordinate System (GCS),False,,,2,,,
"
 10.1371/journal.pone.0101928
","
  Different Assembly Processes Drive Shifts in Species and Functional Composition in Experimental Grasslands Varying in Sown Diversity and Community History
 ",11.58333,50.91667,,True,"{'latitude': 50.91667, 'longitude': 11.58333}",Geographic Coordinate System (GCS),False,,,2,,,
"
 10.1371/journal.pone.0102090
","
  Vulnerability of Mediterranean Ecosystems to Long-Term Changes along the Coast of Israel
 ",35.08333,32.9,,True,"{'latitude': 32.9, 'longitude': 35.08333}",Geographic Coordinate System (GCS),False,,,2,,,
"
 10.1371/journal.pone.0102090
","
  Vulnerability of Mediterranean Ecosystems to Long-Term Changes along the Coast of Israel
 ",35.06667,32.96667,,True,"{'latitude': 32.96667, 'longitude': 35.06667}",Geographic Coordinate System (GCS),False,,,2,,,
"
 10.1371/journal.pone.0102090
","
  Vulnerability of Mediterranean Ecosystems to Long-Term Changes along the Coast of Israel
 ",35.1,32.9,,True,"{'latitude': 32.9, 'longitude': 35.1}",Geographic Coordinate System (GCS),False,,,2,,,
"
 10.1371/journal.pone.0102090
","
  Vulnerability of Mediterranean Ecosystems to Long-Term Changes along the Coast of Israel
 ",35.07028,32.9307,,True,"{'latitude': 32.9307, 'longitude': 35.07028}",Geographic Coordinate System (GCS),False,,,2,,,
"
 10.1371/journal.pone.0102090
","
  Vulnerability of Mediterranean Ecosystems to Long-Term Changes along the Coast of Israel
 ",35.07247,32.92171,,True,"{'latitude': 32.92171, 'longitude': 35.07247}",Geographic Coordinate System (GCS),False,,,2,,,
"
 10.1371/journal.pone.0102090
","
  Vulnerability of Mediterranean Ecosystems to Long-Term Changes along the Coast of Israel
 ",35.07529,32.92109,,True,"{'latitude': 32.92109, 'longitude': 35.07529}",Geographic Coordinate System (GCS),False,,,2,,,
"
 10.1371/journal.pone.0102090
","
  Vulnerability of Mediterranean Ecosystems to Long-Term Changes along the Coast of Israel
 ",35.0729,32.93653,,True,"{'latitude': 32.93653, 'longitude': 35.0729}",Geographic Coordinate System (GCS),False,,,2,,,
"
 10.1371/journal.pone.0102090
","
  Vulnerability of Mediterranean Ecosystems to Long-Term Changes along the Coast of Israel
 ",35.08189,32.91103,,True,"{'latitude': 32.91103, 'longitude': 35.08189}",Geographic Coordinate System (GCS),False,,,2,,,
"
 10.1371/journal.pone.0102090
","
  Vulnerability of Mediterranean Ecosystems to Long-Term Changes along the Coast of Israel
 ",35.08323,32.91197,,True,"{'latitude': 32.91197, 'longitude': 35.08323}",Geographic Coordinate System (GCS),False,,,2,,,
"
 10.1371/journal.pone.0102090
","
  Vulnerability of Mediterranean Ecosystems to Long-Term Changes along the Coast of Israel
 ",35.08743,32.90841,,True,"{'latitude': 32.90841, 'longitude': 35.08743}",Geographic Coordinate System (GCS),False,,,2,,,
"
 10.1371/journal.pone.0102090
","
  Vulnerability of Mediterranean Ecosystems to Long-Term Changes along the Coast of Israel
 ",35.08977,32.91151,,True,"{'latitude': 32.91151, 'longitude': 35.08977}",Geographic Coordinate System (GCS),False,,,2,,,
"
 10.1371/journal.pone.0102090
","
  Vulnerability of Mediterranean Ecosystems to Long-Term Changes along the Coast of Israel
 ",35.08723,32.8927,,True,"{'latitude': 32.8927, 'longitude': 35.08723}",Geographic Coordinate System (GCS),False,,,2,,,
"
 10.1371/journal.pone.0102090
","
  Vulnerability of Mediterranean Ecosystems to Long-Term Changes along the Coast of Israel
 ",35.08693,32.87921,,True,"{'latitude': 32.87921, 'longitude': 35.08693}",Geographic Coordinate System (GCS),False,,,2,,,
"
 10.1371/journal.pone.0102090
","
  Vulnerability of Mediterranean Ecosystems to Long-Term Changes along the Coast of Israel
 ",35.08306,32.86399,,True,"{'latitude': 32.86399, 'longitude': 35.08306}",Geographic Coordinate System (GCS),False,,,2,,,
"
 10.1371/journal.pone.0102090
","
  Vulnerability of Mediterranean Ecosystems to Long-Term Changes along the Coast of Israel
 ",35.09069,32.87873,,True,"{'latitude': 32.87873, 'longitude': 35.09069}",Geographic Coordinate System (GCS),False,,,2,,,
"
 10.1371/journal.pone.0102090
","
  Vulnerability of Mediterranean Ecosystems to Long-Term Changes along the Coast of Israel
 ",35.09177,32.95572,,True,"{'latitude': 32.95572, 'longitude': 35.09177}",Geographic Coordinate System (GCS),False,,,2,,,
"
 10.1371/journal.pone.0102090
","
  Vulnerability of Mediterranean Ecosystems to Long-Term Changes along the Coast of Israel
 ",35.12384,33.06459,,True,"{'latitude': 33.06459, 'longitude': 35.12384}",Geographic Coordinate System (GCS),False,,,2,,,
"
 10.1371/journal.pone.0102090
","
  Vulnerability of Mediterranean Ecosystems to Long-Term Changes along the Coast of Israel
 ",35.11253,33.00572,,True,"{'latitude': 33.00572, 'longitude': 35.11253}",Geographic Coordinate System (GCS),False,,,2,,,
"
 10.1371/journal.pone.0102090
","
  Vulnerability of Mediterranean Ecosystems to Long-Term Changes along the Coast of Israel
 ",35.11192,32.99396,,True,"{'latitude': 32.99396, 'longitude': 35.11192}",Geographic Coordinate System (GCS),False,,,2,,,
"
 10.1371/journal.pone.0102437
","
  Combining Aesthetic with Ecological Values for Landscape Sustainability
 ",-999,-999,,True,"{'latitude': -999, 'longitude': -999}",Geographic Coordinate System (GCS),False,,,2,,,
"
 10.1371/journal.pone.0102437
","
  Combining Aesthetic with Ecological Values for Landscape Sustainability
 ",-30.68333,30.25,,True,"{'latitude': 30.25, 'longitude': -30.68333}",Geographic Coordinate System (GCS),False,,,2,,,
"
 10.1371/journal.pone.0106529
","
  Plant Diversity Impacts Decomposition and Herbivory via Changes in Aboveground Arthropods
 ",11.58333,50.91667,,True,"{'latitude': 50.91667, 'longitude': 11.58333}",Geographic Coordinate System (GCS),False,,,2,,,
"
 10.1371/journal.pone.0107775
","
  Inorganic Nitrogen Supply and Dissolved Organic Nitrogen Abundance across the US Great Plains
 ",-104.71333,40.81333,,True,"{'latitude': 40.81333, 'longitude': -104.71333}",Geographic Coordinate System (GCS),False,,,2,,,
"
 10.1371/journal.pone.0107775
","
  Inorganic Nitrogen Supply and Dissolved Organic Nitrogen Abundance across the US Great Plains
 ",-102.44833,39.75667,,True,"{'latitude': 39.75667, 'longitude': -102.44833}",Geographic Coordinate System (GCS),False,,,2,,,
"
 10.1371/journal.pone.0107775
","
  Inorganic Nitrogen Supply and Dissolved Organic Nitrogen Abundance across the US Great Plains
 ",-100.97833,38.89333,,True,"{'latitude': 38.89333, 'longitude': -100.97833}",Geographic Coordinate System (GCS),False,,,2,,,
"
 10.1371/journal.pone.0107775
","
  Inorganic Nitrogen Supply and Dissolved Organic Nitrogen Abundance across the US Great Plains
 ",-99.38833,38.87333,,True,"{'latitude': 38.87333, 'longitude': -99.38833}",Geographic Coordinate System (GCS),False,,,2,,,
"
 10.1371/journal.pone.0107775
","
  Inorganic Nitrogen Supply and Dissolved Organic Nitrogen Abundance across the US Great Plains
 ",-96.55,39.08,,True,"{'latitude': 39.08, 'longitude': -96.55}",Geographic Coordinate System (GCS),False,,,2,,,
"
 10.1371/journal.pone.0111434
","
  Interspecific Neighbor Interactions Promote the Positive Diversity-Productivity Relationship in Experimental Grassland Communities
 ",111.88333,23.43333,,True,"{'latitude': 23.43333, 'longitude': 111.88333}",Geographic Coordinate System (GCS),False,,,2,,,
"
 10.1371/journal.pone.0111742
","
  Patch Size and Isolation Predict Plant Species Density in a Naturally Fragmented Forest
 ",-21.18333,19.88333,,True,"{'latitude': 19.88333, 'longitude': -21.18333}",Geographic Coordinate System (GCS),False,,,2,,,
"
 10.1371/journal.pone.0111742
","
  Patch Size and Isolation Predict Plant Species Density in a Naturally Fragmented Forest
 ",-90.28333,90.46667,,True,"{'latitude': 90.46667, 'longitude': -90.28333}",Geographic Coordinate System (GCS),False,,,2,,,
"
 10.1371/journal.pone.0111883
","
  Local and Regional Effects on Community Structure of Dung Beetles in a Mainland-Island Scenario
 ",-48.53833,-27.725,,True,"{'latitude': -27.725, 'longitude': -48.53833}",Geographic Coordinate System (GCS),False,,,2,,,
"
 10.1371/journal.pone.0111883
","
  Local and Regional Effects on Community Structure of Dung Beetles in a Mainland-Island Scenario
 ",-48.5125,-27.53111,,True,"{'latitude': -27.53111, 'longitude': -48.5125}",Geographic Coordinate System (GCS),False,,,2,,,
"
 10.1371/journal.pone.0111883
","
  Local and Regional Effects on Community Structure of Dung Beetles in a Mainland-Island Scenario
 ",-48.57361,-27.41694,,True,"{'latitude': -27.41694, 'longitude': -48.57361}",Geographic Coordinate System (GCS),False,,,2,,,
"
 10.1371/journal.pone.0111883
","
  Local and Regional Effects on Community Structure of Dung Beetles in a Mainland-Island Scenario
 ",-48.59833,-27.08694,,True,"{'latitude': -27.08694, 'longitude': -48.59833}",Geographic Coordinate System (GCS),False,,,2,,,
"
 10.1371/journal.pone.0112436
","
  The Soil Biota Composition along a Progressive Succession of Secondary Vegetation in a Karst Area
 ",-999,-999,,True,"{'latitude': -999, 'longitude': -999}",Geographic Coordinate System (GCS),False,,,2,,,
"
 10.1371/journal.pone.0112436
","
  The Soil Biota Composition along a Progressive Succession of Secondary Vegetation in a Karst Area
 ",-25.55,24.73333,,True,"{'latitude': 24.73333, 'longitude': -25.55}",Geographic Coordinate System (GCS),False,,,2,,,
"
 10.1371/journal.pone.0114015
","
  The Importance of Microhabitat for Biodiversity Sampling
 ",-83.58889,8.48056,,True,"{'latitude': 8.48056, 'longitude': -83.58889}",Geographic Coordinate System (GCS),False,,,2,,,
"
 10.1371/journal.pone.0115038
","
  Woody Species Diversity in Forest Plantations in a Mountainous Region of Beijing, China: Effects of Sampling Scale and Species Selection
 ",115.43472,39.96472,,True,"{'latitude': 39.96472, 'longitude': 115.43472}",Geographic Coordinate System (GCS),False,,,2,,,
"
 10.1371/journal.pone.0118837
","
  Inferring Resilience to Fragmentation-Induced Changes in Plant Communities in a Semi-Arid Mediterranean Ecosystem
 ",-2.06667,36.86667,,True,"{'latitude': 36.86667, 'longitude': -2.06667}",Geographic Coordinate System (GCS),False,,,2,,,
"
 10.1371/journal.pone.0123030
","
  Scale-Dependence of Processes Structuring Dung Beetle Metacommunities Using Functional Diversity and Community Deconstruction Approaches
 ",-48.57361,-27.41694,,True,"{'latitude': -27.41694, 'longitude': -48.57361}",Geographic Coordinate System (GCS),False,,,2,,,
"
 10.1371/journal.pone.0123030
","
  Scale-Dependence of Processes Structuring Dung Beetle Metacommunities Using Functional Diversity and Community Deconstruction Approaches
 ",-48.59833,-27.08694,,True,"{'latitude': -27.08694, 'longitude': -48.59833}",Geographic Coordinate System (GCS),False,,,2,,,
"
 10.1371/journal.pone.0123030
","
  Scale-Dependence of Processes Structuring Dung Beetle Metacommunities Using Functional Diversity and Community Deconstruction Approaches
 ",-48.53833,-27.725,,True,"{'latitude': -27.725, 'longitude': -48.53833}",Geographic Coordinate System (GCS),False,,,2,,,
"
 10.1371/journal.pone.0123030
","
  Scale-Dependence of Processes Structuring Dung Beetle Metacommunities Using Functional Diversity and Community Deconstruction Approaches
 ",-48.5125,-27.53111,,True,"{'latitude': -27.53111, 'longitude': -48.5125}",Geographic Coordinate System (GCS),False,,,2,,,
"
 10.1371/journal.pone.0123160
","
  Responses of Plant Community Composition and Biomass Production to Warming and Nitrogen Deposition in a Temperate Meadow Ecosystem
 ",123.75,44.75,,True,"{'latitude': 44.75, 'longitude': 123.75}",Geographic Coordinate System (GCS),False,,,2,,,
"
 10.1371/journal.pone.0125300
","
  Impact of Precipitation Patterns on Biomass and Species Richness of Annuals in a Dry Steppe
 ",116.7,43.6,,True,"{'latitude': 43.6, 'longitude': 116.7}",Geographic Coordinate System (GCS),False,,,2,,,
"
 10.1371/journal.pone.0128923
","
  Birds in Anthropogenic Landscapes: The Responses of Ecological Groups to Forest Loss in the Brazilian Atlantic Forest
 ",-15.46667,15.46667,,True,"{'latitude': 39.25, 'longitude': -15.46667}",Geographic Coordinate System (GCS),False,,,2,,,
"
 10.1371/journal.pone.0134560
","
  Niche and Neutral Processes Together Determine Diversity Loss in Response to Fertilization in an Alpine Meadow Community
 ",101.88333,33.96667,,True,"{'latitude': 33.96667, 'longitude': 101.88333}",Geographic Coordinate System (GCS),False,,,2,,,
"
 10.1371/journal.pone.0135917
","
  Relationships between Spatial Metrics and Plant Diversity in Constructed Freshwater Wetlands
 ",-82.2175,41.29389,,True,"{'latitude': 41.29389, 'longitude': -82.2175}",Geographic Coordinate System (GCS),False,,,2,,,
"
 10.1371/journal.pone.0136040
","
  Plant Functional Diversity Can Be Independent of Species Diversity: Observations Based on the Impact of 4-Yrs of Nitrogen and Phosphorus Additions in an Alpine Meadow
 ",101.88333,33.96667,,True,"{'latitude': 33.96667, 'longitude': 101.88333}",Geographic Coordinate System (GCS),False,,,2,,,
"
 10.1371/journal.pone.0137569
","
  The Oldest, Slowest Rainforests in the World? Massive Biomass and Slow Carbon Dynamics of 
  
   Fitzroya cupressoides
   Temperate Forests in Southern Chile
 ",43.0,39.83333,,True,"{'latitude': 39.83333, 'longitude': 43.0}",Geographic Coordinate System (GCS),False,,,2,,,
"
 10.1371/journal.pone.0137569
","
  The Oldest, Slowest Rainforests in the World? Massive Biomass and Slow Carbon Dynamics of 
  
   Fitzroya cupressoides
   Temperate Forests in Southern Chile
 ",-73.43333,-40.16667,,True,"{'latitude': -40.16667, 'longitude': -73.43333}",Geographic Coordinate System (GCS),False,,,2,,,
"
 10.1371/journal.pone.0137569
","
  The Oldest, Slowest Rainforests in the World? Massive Biomass and Slow Carbon Dynamics of 
  
   Fitzroya cupressoides
   Temperate Forests in Southern Chile
 ",-72.58333,-41.53333,,True,"{'latitude': -41.53333, 'longitude': -72.58333}",Geographic Coordinate System (GCS),False,,,2,,,
"
 10.1371/journal.pone.0137569
","
  The Oldest, Slowest Rainforests in the World? Massive Biomass and Slow Carbon Dynamics of 
  
   Fitzroya cupressoides
   Temperate Forests in Southern Chile
 ",-73.6,-40.63333,,True,"{'latitude': -40.63333, 'longitude': -73.6}",Geographic Coordinate System (GCS),False,,,2,,,
"
 10.1371/journal.pone.0140423
","
  Ecosystem Services and Biodiversity in a Rapidly Transforming Landscape in Northern Borneo
 ",112.26028,1.14917,,True,"{'latitude': 1.14917, 'longitude': 112.26028}",Geographic Coordinate System (GCS),False,,,2,,,
"
 10.1371/journal.pone.0141387
","
  Nature and Age of Neighbours Matter: Interspecific Associations among Tree Species Exist and Vary across Life Stages in Tropical Forests
 ",-79.7,-4.58333,,True,"{'latitude': -4.58333, 'longitude': -79.7}",Geographic Coordinate System (GCS),False,,,2,,,
"
 10.1371/journal.pone.0141387
","
  Nature and Age of Neighbours Matter: Interspecific Associations among Tree Species Exist and Vary across Life Stages in Tropical Forests
 ",-79.85,9.16667,,True,"{'latitude': 9.16667, 'longitude': -79.85}",Geographic Coordinate System (GCS),False,,,2,,,
"
 10.1371/journal.pone.0142784
","
  Interactions between Canopy Structure and Herbaceous Biomass along Environmental Gradients in Moist Forest and Dry Miombo Woodland of Tanzania
 ",35.4,-4.44,,True,"{'latitude': -4.44, 'longitude': 35.4}",Geographic Coordinate System (GCS),False,,,2,,,
"
 10.1371/journal.pone.0142784
","
  Interactions between Canopy Structure and Herbaceous Biomass along Environmental Gradients in Moist Forest and Dry Miombo Woodland of Tanzania
 ",35.44,-4.7,,True,"{'latitude': -4.7, 'longitude': 35.44}",Geographic Coordinate System (GCS),False,,,2,,,
"
 10.1371/journal.pone.0142784
","
  Interactions between Canopy Structure and Herbaceous Biomass along Environmental Gradients in Moist Forest and Dry Miombo Woodland of Tanzania
 ",60.0,0.0,,True,"{'latitude': 0.0, 'longitude': 60.0}",Geographic Coordinate System (GCS),False,,,2,,,
"
 10.1371/journal.pone.0145598
","
  Assessing the Importance of Intraspecific Variability in Dung Beetle Functional Traits
 ",-52.6,-0.88333,,True,"{'latitude': -0.88333, 'longitude': -52.6}",Geographic Coordinate System (GCS),False,,,2,,,
"
 10.1371/journal.pone.0146228
","
  Response of a Wild Edible Plant to Human Disturbance: Harvesting Can Enhance the Subsequent Yield of Bamboo Shoots
 ",142.11667,45.05,,True,"{'latitude': 45.05, 'longitude': 142.11667}",Geographic Coordinate System (GCS),False,,,2,,,
"
 10.1371/journal.pone.0147909
","
  Time-Lag in Responses of Birds to Atlantic Forest Fragmentation: Restoration Opportunity and Urgency
 ",-52.49139,-22.4025,,True,"{'latitude': -22.4025, 'longitude': -52.49139}",Geographic Coordinate System (GCS),False,,,2,,,
"
 10.1371/journal.pone.0150111
","
  A Holistic Landscape Description Reveals That Landscape Configuration Changes More over Time than Composition: Implications for Landscape Ecology Studies
 ",-49.11667,48.1,,True,"{'latitude': 48.1, 'longitude': -49.11667}",Geographic Coordinate System (GCS),False,,,2,,,
"
 10.1371/journal.pone.0150111
","
  A Holistic Landscape Description Reveals That Landscape Configuration Changes More over Time than Composition: Implications for Landscape Ecology Studies
 ",-3.53333,2.38333,,True,"{'latitude': 2.38333, 'longitude': -3.53333}",Geographic Coordinate System (GCS),False,,,2,,,
"
 10.1371/journal.pone.0150520
","
  Past Human Disturbance Effects upon Biodiversity are Greatest in the Canopy; A Case Study on Rainforest Butterflies
 ",-71.39111,-12.78917,,True,"{'latitude': -12.78917, 'longitude': -71.39111}",Geographic Coordinate System (GCS),False,,,2,,,
"
 10.1371/journal.pone.0152335
","
  The Point Count Transect Method for Estimates of Biodiversity on Coral Reefs: Improving the Sampling of Rare Species
 ",145.44,-14.683,,True,"{'latitude': -14.683, 'longitude': 145.44}",Geographic Coordinate System (GCS),False,,,2,,,
10.1371/journal.pone.0000908,Changes in Tree Reproductive Traits Reduce Functional Diversity in a Fragmented Atlantic Forest Landscape,-36.075,-8.98056,,True,"{'latitude': -8.98056, 'longitude': -36.075}",Geographic Coordinate System (GCS),False,,,2,,,
